Name,LOC,CYCLO,Number Of Parameters,# Inner Invocations,# Outer Invocations,ATFD,FDP,LAA,MAXNESTING,NOAV,Feature_Envy,Feature_EnvyScore,Long_Method,Long_MethodScore
run,5,1,1,2,0,0,0,0,1,2,False,0,False,0
run,9,3,0,2,0,0,0,0,3,0,False,0,False,0
runFinished,4,1,0,0,1,0,0,0,1,1,False,0,False,0
runTest,15,3,2,0,0,0,0,0,5,3,False,0,False,0
waitUntilFinished,9,4,0,0,2,0,0,0,4,1,False,0,False,0
annotatedBuilder,3,1,0,0,1,0,0,0,1,0,False,0,False,0
ignoredBuilder,3,1,0,0,1,0,0,0,1,0,False,0,False,0
junit3Builder,3,1,0,0,1,0,0,0,1,0,False,0,False,0
junit4Builder,3,1,0,0,1,0,0,0,1,0,False,0,False,0
runnerForClass,16,5,1,0,1,0,0,0,3,3,False,0,False,0
suiteMethodBuilder,6,3,0,0,2,0,0,0,2,1,False,0,False,0
getAnnotatablesForTestClass,1,1,1,0,0,0,0,0,0,1,False,0,False,0
validateAnnotatable,2,1,2,0,0,0,0,0,0,2,False,0,False,0
validateAnnotatable,17,4,1,1,5,2,1,0.5,3,9,False,0,False,0
validateTestClass,8,2,1,2,1,0,0,1,2,4,False,0,False,0
buildRunner,15,7,2,0,7,3,1,1,3,7,False,0,False,0
getEnclosingClassForNonStaticMemberClass,7,7,1,0,4,4,2,0.75,3,5,False,0,False,0
runnerForClass,11,6,1,1,3,1,1,1.5,3,5,False,0,False,0
validateTestClass,9,4,1,0,0,0,0,0,2,4,False,0,False,0
validateAnnotatedClass,3,1,1,0,0,0,0,0,1,2,False,0,False,0
validateAnnotatedField,4,1,1,0,0,0,0,0,1,2,False,0,False,0
validateAnnotatedMethod,3,1,1,0,0,0,0,0,1,2,False,0,False,0
createAnnotationValidator,18,7,1,0,8,3,2,0.33,2,9,False,0,False,0
addDimension,3,1,1,0,1,0,0,0,1,2,False,0,False,0
getMessage,15,3,0,2,8,1,0,2,2,6,False,0,False,0
toString,3,1,0,0,1,0,0,0,1,0,False,0,False,0
assertEquals,9,6,3,1,1,0,0,0,2,3,False,0,False,0
assertEquals,3,1,2,1,0,0,0,0,1,2,False,0,False,0
assertEquals,10,8,3,0,2,0,0,0,2,4,False,0,False,0
assertEquals,3,1,2,1,0,0,0,0,1,2,False,0,False,0
assertEquals,8,3,4,1,4,0,0,0,2,4,False,0,False,0
assertEquals,3,1,3,1,0,0,0,0,1,3,False,0,False,0
assertEquals,8,3,4,1,4,0,0,0,2,4,False,0,False,0
assertEquals,3,1,3,1,0,0,0,0,1,3,False,0,False,0
assertEquals,3,1,3,1,2,0,0,0,1,3,False,0,False,0
assertEquals,3,1,2,1,0,0,0,0,1,2,False,0,False,0
assertEquals,3,1,3,1,2,0,0,0,1,3,False,0,False,0
assertEquals,3,1,2,1,0,0,0,0,1,2,False,0,False,0
assertEquals,3,1,3,1,2,0,0,0,1,3,False,0,False,0
assertEquals,3,1,2,1,0,0,0,0,1,2,False,0,False,0
assertEquals,3,1,3,1,2,0,0,0,1,3,False,0,False,0
assertEquals,3,1,2,1,0,0,0,0,1,2,False,0,False,0
assertEquals,3,1,3,1,2,0,0,0,1,3,False,0,False,0
assertEquals,3,1,2,1,0,0,0,0,1,2,False,0,False,0
assertEquals,3,1,3,1,2,0,0,0,1,3,False,0,False,0
assertEquals,3,1,2,1,0,0,0,0,1,2,False,0,False,0
assertFalse,3,1,2,1,0,0,0,0,1,2,False,0,False,0
assertFalse,3,1,1,1,0,0,0,0,1,1,False,0,False,0
assertNotNull,3,1,1,1,0,0,0,0,1,1,False,0,False,0
assertNotNull,3,1,2,1,0,0,0,0,1,2,False,0,False,0
assertNotSame,5,2,3,1,0,0,0,0,2,3,False,0,False,0
assertNotSame,3,1,2,1,0,0,0,0,1,2,False,0,False,0
assertNull,5,2,1,1,1,0,0,0,2,1,False,0,False,0
assertNull,3,1,2,1,0,0,0,0,1,2,False,0,False,0
assertSame,6,2,3,1,0,0,0,0,2,3,False,0,False,0
assertSame,3,1,2,1,0,0,0,0,1,2,False,0,False,0
assertTrue,5,2,2,1,0,0,0,0,2,2,False,0,False,0
assertTrue,3,1,1,1,0,0,0,0,1,1,False,0,False,0
fail,6,2,1,0,2,0,0,0,2,1,False,0,False,0
fail,3,1,0,1,0,0,0,0,1,0,False,0,False,0
failNotEquals,3,1,3,2,0,0,0,0,1,3,False,0,False,0
failNotSame,4,3,3,1,0,0,0,0,1,4,False,0,False,0
failSame,4,3,1,1,0,0,0,0,1,2,False,0,False,0
format,7,3,3,0,1,0,0,0,2,4,False,0,False,0
assertArrayEquals,4,1,3,1,0,0,0,0,1,3,False,0,False,0
assertArrayEquals,3,1,2,1,0,0,0,0,1,2,False,0,False,0
assertArrayEquals,4,1,3,1,0,0,0,0,1,3,False,0,False,0
assertArrayEquals,3,1,2,1,0,0,0,0,1,2,False,0,False,0
assertArrayEquals,4,1,3,1,0,0,0,0,1,3,False,0,False,0
assertArrayEquals,3,1,2,1,0,0,0,0,1,2,False,0,False,0
assertArrayEquals,4,1,3,1,0,0,0,0,1,3,False,0,False,0
assertArrayEquals,3,1,2,1,0,0,0,0,1,2,False,0,False,0
assertArrayEquals,4,1,3,1,0,0,0,0,1,3,False,0,False,0
assertArrayEquals,3,1,2,1,0,0,0,0,1,2,False,0,False,0
assertArrayEquals,4,1,3,1,0,0,0,0,1,3,False,0,False,0
assertArrayEquals,3,1,2,1,0,0,0,0,1,2,False,0,False,0
assertArrayEquals,4,1,3,1,0,0,0,0,1,3,False,0,False,0
assertArrayEquals,3,1,2,1,0,0,0,0,1,2,False,0,False,0
assertArrayEquals,4,1,4,0,2,0,0,0,1,4,False,0,False,0
assertArrayEquals,3,1,3,1,0,0,0,0,1,3,False,0,False,0
assertArrayEquals,4,1,4,0,2,0,0,0,1,4,False,0,False,0
assertArrayEquals,3,1,3,1,0,0,0,0,1,3,False,0,False,0
assertEquals,12,7,3,2,2,0,0,0,3,4,False,0,False,0
assertEquals,3,1,2,1,0,0,0,0,1,2,False,0,False,0
assertEquals,6,2,4,2,2,0,0,0,2,4,False,0,False,0
assertEquals,6,2,4,2,2,0,0,0,2,4,False,0,False,0
assertEquals,3,1,2,1,0,0,0,0,1,2,False,0,False,0
assertEquals,5,2,3,1,2,0,0,0,2,3,False,0,False,0
assertEquals,3,1,2,1,0,0,0,0,1,2,False,0,False,0
assertEquals,4,1,3,2,0,0,0,0,1,3,False,0,False,0
assertEquals,3,1,3,1,0,0,0,0,1,3,False,0,False,0
assertEquals,3,1,3,1,0,0,0,0,1,3,False,0,False,0
assertEquals,4,1,3,1,0,0,0,0,1,3,False,0,False,0
assertEquals,3,1,2,1,0,0,0,0,1,2,False,0,False,0
assertFalse,3,1,2,1,0,0,0,0,1,2,False,0,False,0
assertFalse,3,1,1,1,0,0,0,0,1,1,False,0,False,0
assertNotEquals,6,2,3,2,0,0,0,0,2,3,False,0,False,0
assertNotEquals,3,1,2,1,0,0,0,0,1,2,False,0,False,0
assertNotEquals,5,2,3,1,1,0,0,0,2,3,False,0,False,0
assertNotEquals,3,1,2,1,0,0,0,0,1,2,False,0,False,0
assertNotEquals,6,2,4,2,1,0,0,0,2,4,False,0,False,0
assertNotEquals,3,1,3,1,0,0,0,0,1,3,False,0,False,0
assertNotEquals,3,1,3,1,0,0,0,0,1,3,False,0,False,0
assertNotEquals,6,2,4,2,1,0,0,0,2,4,False,0,False,0
assertNotNull,3,1,2,1,0,0,0,0,1,2,False,0,False,0
assertNotNull,3,1,1,1,0,0,0,0,1,1,False,0,False,0
assertNotSame,6,2,3,1,0,0,0,0,2,3,False,0,False,0
assertNotSame,3,1,2,1,0,0,0,0,1,2,False,0,False,0
assertNull,6,2,2,1,0,0,0,0,2,2,False,0,False,0
assertNull,3,1,1,1,0,0,0,0,1,1,False,0,False,0
assertSame,6,2,3,1,0,0,0,0,2,3,False,0,False,0
assertSame,3,1,2,1,0,0,0,0,1,2,False,0,False,0
assertThat,3,2,2,1,0,0,0,0,1,2,False,0,False,0
assertThat,4,2,3,1,0,0,0,0,1,3,False,0,False,0
assertTrue,5,2,2,1,0,0,0,0,2,2,False,0,False,0
assertTrue,3,1,1,1,0,0,0,0,1,1,False,0,False,0
doubleIsDifferent,10,5,3,0,2,0,0,0,2,3,False,0,False,0
equalsRegardingNull,7,3,2,0,1,0,0,0,2,2,False,0,False,0
fail,6,2,1,0,2,0,0,0,2,1,False,0,False,0
fail,3,1,0,1,0,0,0,0,1,0,False,0,False,0
failEquals,9,2,2,1,0,0,0,0,2,3,False,0,False,0
failNotEquals,4,1,3,2,0,0,0,0,1,3,False,0,False,0
failNotNull,7,2,2,1,0,0,0,0,2,3,False,0,False,0
failNotSame,9,2,3,1,0,0,0,0,2,4,False,0,False,0
failSame,7,2,1,1,0,0,0,0,2,2,False,0,False,0
floatIsDifferent,10,5,3,0,2,0,0,0,2,3,False,0,False,0
format,16,5,3,2,2,0,0,0,2,6,False,0,False,0
formatClassAndValue,4,3,2,0,0,0,0,0,1,3,False,0,False,0
internalArrayEquals,4,1,3,0,2,0,0,0,1,3,False,0,False,0
isEquals,3,1,2,0,1,0,0,0,1,2,False,0,False,0
defaultString,3,3,1,0,0,0,0,0,1,1,False,0,False,0
allUnassigned,9,1,2,0,5,1,1,4,1,4,False,0,False,0
assignNext,8,1,1,0,4,0,0,0,1,9,False,0,False,0
buildParameterSupplierFromClass,14,10,1,0,5,1,1,4,3,5,False,0,False,0
generateAssignmentsFromTypeAlone,11,8,1,0,9,3,1,1.33,3,8,False,0,False,0
getActualValues,8,2,2,0,2,1,1,4,2,6,False,0,False,0
getAllArguments,3,1,0,0,2,0,0,0,1,1,False,0,False,0
getArgumentStrings,8,2,1,0,2,1,1,4,2,6,False,0,False,0
getConstructorArguments,4,1,0,1,1,0,0,4,1,1,False,0,False,0
getConstructorParameterCount,6,1,0,0,0,0,0,0,1,3,False,0,False,0
getMethodArguments,3,1,0,1,2,0,0,4,1,2,False,0,False,0
getSupplier,11,4,1,0,3,0,0,0,3,5,False,0,False,0
isComplete,3,1,0,0,1,0,0,0,1,1,False,0,False,0
nextUnassigned,3,1,0,0,1,0,0,0,1,1,False,0,False,0
potentialsForNextUnassigned,11,2,0,1,1,0,0,0,2,6,False,0,False,0
assumeFalse,3,1,1,1,0,0,0,0,1,1,False,0,False,0
assumeFalse,3,1,2,1,0,0,0,0,1,2,False,0,False,0
assumeNoException,3,1,1,1,1,0,0,0,1,1,False,0,False,0
assumeNoException,3,1,2,1,1,0,0,0,1,2,False,0,False,0
assumeNotNull,3,1,0,1,3,0,0,0,1,0,False,0,False,0
assumeThat,5,2,2,0,2,0,0,0,2,2,False,0,False,0
assumeThat,5,2,3,0,2,0,0,0,2,3,False,0,False,0
assumeTrue,3,1,1,1,1,0,0,0,1,1,False,0,False,0
assumeTrue,3,2,2,0,1,0,0,0,1,2,False,0,False,0
describeTo,20,5,1,0,6,0,0,0,2,8,False,0,False,0
getMessage,3,1,0,0,1,0,0,0,1,0,False,0,False,0
addError,3,1,2,1,0,0,0,0,1,2,False,0,False,0
addFailure,3,1,2,1,0,0,0,0,1,2,False,0,False,0
clearStatus,2,1,0,0,0,0,0,0,1,0,False,0,False,0
elapsedTimeAsString,3,1,1,0,2,1,0,5,1,2,False,0,False,0
endTest,3,1,1,1,1,0,0,0,1,1,False,0,False,0
extractClassName,6,3,1,0,3,0,0,0,2,1,False,0,False,0
filterLine,18,4,1,0,1,0,0,0,2,3,False,0,False,0
getFilteredTrace,7,1,1,1,1,0,0,5,1,5,False,0,False,0
getFilteredTrace,22,8,1,2,3,0,0,0,3,6,False,0,False,0
getPreference,3,1,1,0,2,1,0,5,1,2,False,0,False,0
getPreference,12,5,2,0,1,0,0,0,2,4,False,0,False,0
getPreferences,9,2,0,1,3,0,0,0,2,5,False,0,False,0
getPreferencesFile,4,1,0,0,1,0,0,0,1,1,False,0,False,0
getTest,48,22,1,9,14,5,4,1,2,11,False,0,True,0
loadSuiteClass,3,2,1,0,1,0,0,0,1,1,False,0,False,0
processArguments,20,8,1,2,6,0,0,5,4,5,False,0,True,0
readPreferences,16,7,0,4,4,0,0,1.25,3,3,False,0,False,0
runFailed,1,1,1,0,0,0,0,0,0,1,False,0,False,0
savePreferences,8,3,0,1,2,0,0,5,3,2,False,0,False,0
setLoading,3,1,1,0,0,0,0,0,1,2,False,0,False,0
setPreference,3,1,2,1,1,0,0,5,1,3,False,0,False,0
setPreferences,3,1,1,0,0,0,0,0,1,2,False,0,False,0
showStackRaw,3,2,0,1,1,0,0,5,1,2,False,0,False,0
startTest,3,1,1,1,1,0,0,0,1,1,False,0,False,0
testEnded,1,1,1,0,0,0,0,0,0,1,False,0,False,0
testFailed,1,1,3,0,0,0,0,0,0,3,False,0,False,0
testStarted,1,1,1,0,0,0,0,0,0,1,False,0,False,0
truncate,6,3,1,0,2,0,0,0,2,4,False,0,False,0
useReloadingTestSuiteLoader,3,2,0,0,2,0,0,0,1,1,False,0,False,0
collectInitializationErrors,9,1,1,6,0,0,0,0,1,1,False,0,False,0
computeTestMethods,3,1,0,0,2,1,1,2,1,1,False,0,False,0
createTest,3,1,0,0,3,1,1,2,1,1,False,0,False,0
describeChild,11,2,1,1,5,3,3,0.67,2,7,False,0,False,0
expectsException,3,1,1,0,1,0,0,0,1,1,False,0,False,0
getChildren,3,1,0,0,1,0,0,0,1,0,False,0,False,0
getExpectedException,7,6,1,0,2,0,0,0,3,1,False,0,False,0
getMethodRules,3,1,1,0,1,0,0,0,1,1,False,0,False,0
getTestRules,9,1,1,0,3,2,2,1,1,4,False,0,False,0
getTimeout,6,3,1,0,1,0,0,0,2,1,False,0,False,0
hasOneConstructor,3,1,0,0,3,2,1,1,1,2,False,0,False,0
isIgnored,3,1,1,0,1,1,1,2,1,2,False,0,False,0
methodBlock,21,5,1,0,5,0,0,0,4,2,False,0,False,0
methodInvoker,3,1,2,0,1,0,0,0,1,2,False,0,False,0
possiblyExpectingExceptions,6,2,3,1,2,0,0,2,1,5,False,0,False,0
rules,9,1,1,0,3,2,2,1,1,4,False,0,False,0
runChild,8,3,2,2,2,0,0,2,3,4,False,0,False,0
runReflectiveCall,3,1,0,0,0,0,0,0,1,0,False,0,False,0
testName,3,1,1,0,1,1,1,2,1,2,False,0,False,0
validateConstructor,4,1,1,2,0,0,0,0,1,1,False,0,False,0
validateFields,3,1,1,0,2,1,1,2,1,2,False,0,False,0
validateInstanceMethods,9,2,1,2,5,0,0,0,2,1,False,0,False,0
validateMethods,3,1,1,0,2,1,1,2,1,2,False,0,False,0
validateNoNonStaticInnerClass,7,2,1,0,6,4,3,0.5,2,5,False,0,False,0
validateOnlyOneConstructor,6,2,1,1,2,0,0,0,2,2,False,0,False,0
validateTestMethods,3,1,1,0,1,0,0,0,1,1,False,0,False,0
validateZeroArgConstructor,8,4,1,1,7,5,3,0.4,2,6,False,0,False,0
withAfters,7,3,3,0,2,1,1,2,1,5,False,0,False,0
withBefores,7,3,3,0,2,1,1,2,1,5,False,0,False,0
withMethodRules,9,3,4,1,2,0,0,2,3,5,False,0,False,0
withPotentialTimeout,10,2,3,0,3,0,0,0,2,4,False,0,False,0
withRules,9,1,3,2,0,0,0,0,1,5,False,0,False,0
withTestRules,5,3,3,1,2,1,1,2,1,4,False,0,False,0
classBlock,3,1,1,0,1,0,0,0,1,1,False,0,False,0
createTest,7,4,0,1,2,0,0,0,3,0,False,0,False,0
createTestUsingConstructorInjection,3,1,0,0,3,1,1,3,1,2,False,0,False,0
createTestUsingFieldInjection,29,5,0,2,14,7,4,0.33,3,19,True,0,True,0
fieldsAreAnnotated,3,1,0,1,1,1,1,1.5,1,2,False,0,False,0
getAnnotatedFieldsByParameter,3,1,0,0,2,1,1,3,1,1,False,0,False,0
getName,3,1,0,0,0,0,0,0,1,1,False,0,False,0
getRunnerAnnotations,3,1,0,0,0,0,0,0,1,0,False,0,False,0
testName,3,1,1,2,0,0,0,1.5,1,2,False,0,False,0
validateConstructor,6,2,1,1,2,0,0,0,2,1,False,0,False,0
validateFields,30,9,1,3,17,2,2,1,5,9,False,0,True,0
createRunnerForTestWithParameters,4,1,1,0,1,0,0,0,1,1,False,0,False,0
getValueSources,4,1,1,0,3,0,0,0,1,1,False,0,False,0
build,6,2,1,0,2,0,0,0,2,1,False,0,False,0
withLookingForStuckThread,4,1,1,0,0,0,0,0,1,2,False,0,False,0
withTimeout,11,3,2,0,2,0,0,0,2,11,False,0,False,0
build,3,1,0,0,1,0,0,0,1,0,False,0,False,0
getLookingForStuckThread,3,1,0,0,0,0,0,0,1,1,False,0,False,0
getTimeout,3,1,0,0,0,0,0,0,1,1,False,0,False,0
getTimeUnit,3,1,0,0,0,0,0,0,1,1,False,0,False,0
withLookingForStuckThread,4,1,1,0,0,0,0,0,1,2,False,0,False,0
withTimeout,5,1,2,0,0,0,0,0,1,6,False,0,False,0
build,3,1,0,0,1,0,0,0,1,0,False,0,False,0
forMethods,4,1,0,0,0,0,0,0,1,1,False,0,False,0
withValidator,4,1,1,0,1,0,0,0,1,2,False,0,False,0
awaitStarted,3,1,0,0,1,0,0,0,1,1,False,0,False,0
call,11,5,0,0,2,0,0,0,3,1,False,0,False,0
categories,6,4,1,3,2,0,0,0,1,2,False,0,False,0
categoryFilter,4,3,4,0,1,0,0,0,1,4,False,0,False,0
copyAndRefine,8,6,1,0,2,0,0,0,2,2,False,0,False,0
describe,3,1,0,0,1,0,0,0,1,0,False,0,False,0
directCategories,8,8,1,0,1,0,0,0,2,2,False,0,False,0
exclude,6,3,1,1,3,0,0,0,2,1,False,0,False,0
exclude,3,2,1,0,1,0,0,0,1,1,False,0,False,0
exclude,3,2,0,0,1,0,0,0,1,0,False,0,False,0
hasCorrectCategoryAnnotation,31,17,1,2,6,4,1,1.25,3,14,False,0,True,0
hasNull,9,9,0,0,0,0,0,0,3,0,False,0,False,0
include,6,3,1,1,3,0,0,0,2,1,False,0,False,0
include,3,2,1,0,1,0,0,0,1,1,False,0,False,0
include,3,2,0,0,1,0,0,0,1,0,False,0,False,0
matchesAllParentCategories,8,8,2,0,1,0,0,0,3,2,False,0,False,0
matchesAnyParentCategories,8,8,2,0,1,0,0,0,3,2,False,0,False,0
parentDescription,4,4,1,0,1,0,0,0,1,2,False,0,False,0
shouldRun,13,6,1,2,1,1,1,5,2,2,False,0,False,0
toString,8,4,0,1,3,1,1,5,2,6,False,0,False,0
createFilter,7,3,1,1,3,1,1,0,3,2,False,0,False,0
createFilter,1,2,1,0,0,0,0,0,0,1,False,0,False,0
parseCategories,11,6,1,0,3,1,1,0,2,4,False,0,False,0
addErrorMessage,5,2,2,0,2,0,0,0,1,3,False,0,False,0
validateAnnotatedMethod,12,6,1,1,3,1,0,1,4,5,False,0,False,0
getClass,3,2,1,0,3,1,0,0,1,2,False,0,False,0
getRunner,10,3,0,0,3,0,0,0,4,7,False,0,False,0
addFailure,3,1,1,0,2,0,0,0,1,3,False,0,False,0
runAfters,12,5,0,2,2,1,0,5,4,3,False,0,False,0
runBefores,17,7,0,1,5,2,1,2.5,4,4,False,0,False,0
runProtected,9,4,0,3,0,0,0,0,3,0,False,0,False,0
runUnprotected,3,1,0,0,1,0,0,0,1,1,False,0,False,0
getAnnotatablesForTestClass,3,1,1,0,1,0,0,0,1,1,False,0,False,0
validateAnnotatable,4,1,2,0,1,0,0,0,1,2,False,0,False,0
nanoTime,3,1,0,1,0,0,0,0,1,0,False,0,False,0
areStringsEqual,3,1,0,0,1,0,0,0,1,2,False,0,False,0
compact,11,5,1,3,2,0,0,0,2,9,False,0,False,0
compactString,10,3,1,2,0,0,0,0,2,8,False,0,False,0
computeCommonPrefix,3,3,0,0,3,0,0,0,1,7,False,0,False,0
computeCommonSuffix,4,3,0,0,4,0,0,0,1,13,False,0,False,0
findCommonPrefix,9,3,0,0,2,0,0,0,3,10,False,0,False,0
findCommonSuffix,10,4,0,0,3,0,0,0,3,10,False,0,False,0
compact,12,5,1,0,0,0,0,0,3,10,False,0,True,0
sharedPrefix,9,4,0,0,0,0,0,0,3,8,False,0,False,0
sharedSuffix,12,3,1,0,0,0,0,0,3,11,False,0,False,0
arrayEquals,34,13,3,4,5,0,0,0,4,9,False,0,True,0
assertArraysAreSameLength,16,4,3,0,3,0,0,0,2,5,False,0,False,0
assertElementsEqual,1,1,2,0,0,0,0,0,0,2,False,0,False,0
isArray,3,2,1,1,1,1,1,0,1,3,False,0,False,0
getActual,3,1,0,0,0,0,0,0,1,1,False,0,False,0
getExpected,3,1,0,0,0,0,0,0,1,1,False,0,False,0
getMessage,3,1,0,1,2,0,0,5,1,4,False,0,False,0
getActual,3,1,0,0,0,0,0,0,1,1,False,0,False,0
getExpected,3,1,0,0,0,0,0,0,1,1,False,0,False,0
getMessage,3,1,0,0,0,0,0,0,1,3,False,0,False,0
getRunner,3,2,2,1,0,0,0,0,1,2,False,0,False,0
getSuite,9,3,2,0,4,0,0,0,3,2,False,0,False,0
runnerForClass,3,2,1,0,0,0,0,0,1,1,False,0,False,0
serial,3,1,0,0,1,0,0,0,1,0,False,0,False,0
isDeclaringClassPublic,3,2,1,0,3,3,2,0,1,4,False,0,False,0
validate,6,4,3,1,2,0,0,0,2,4,False,0,False,0
addChild,3,1,1,0,1,0,0,0,1,2,False,0,False,0
childlessCopy,3,1,0,0,1,0,0,0,1,3,False,0,False,0
createSuiteDescription,3,1,1,0,1,0,0,0,1,1,False,0,False,0
createSuiteDescription,3,1,2,0,1,0,0,0,1,2,False,0,False,0
createSuiteDescription,3,2,1,1,2,1,1,5.5,1,3,False,0,False,0
createTestDescription,3,1,2,1,1,0,0,0,1,2,False,0,False,0
createTestDescription,3,2,2,1,2,1,1,11,1,3,False,0,False,0
createTestDescription,3,2,2,1,2,1,1,11,1,3,False,0,False,0
createTestDescription,3,1,3,1,1,0,0,0,1,3,False,0,False,0
equals,7,3,1,1,0,0,0,0,2,4,False,0,False,0
formatDisplayName,3,1,2,0,2,0,0,0,1,2,False,0,False,0
getAnnotation,8,4,1,1,2,0,0,0,3,2,False,0,False,0
getAnnotations,3,1,0,0,1,0,0,0,1,1,False,0,False,0
getChildren,3,1,0,0,0,0,0,0,1,1,False,0,False,0
getClassName,3,3,0,2,1,1,1,11,1,3,False,0,False,0
getDisplayName,3,1,0,0,0,0,0,0,1,1,False,0,False,0
getMethodName,3,1,0,0,1,0,0,0,1,0,False,0,False,0
getTestClass,15,9,0,0,3,2,1,5.5,2,7,False,0,False,0
hashCode,3,1,0,1,0,0,0,0,1,1,False,0,False,0
isEmpty,3,1,0,0,1,0,0,0,1,1,False,0,False,0
isSuite,3,1,0,1,0,0,0,11,1,1,False,0,False,0
isTest,3,1,0,1,0,0,0,11,1,2,False,0,False,0
methodAndClassNamePatternGroupOrDefault,5,3,2,0,2,0,0,0,1,4,False,0,False,0
testCount,10,4,0,2,0,0,0,11,2,3,False,0,False,0
toString,3,1,0,0,1,0,0,0,1,0,False,0,False,0
actualDiff,3,1,0,0,1,0,0,0,1,0,False,0,False,0
compactPrefix,6,3,0,0,3,0,0,0,2,4,False,0,False,0
compactSuffix,6,3,0,0,2,0,0,0,2,3,False,0,False,0
expectedDiff,3,1,0,0,1,0,0,0,1,0,False,0,False,0
extractDiff,4,1,1,0,4,0,0,0,1,3,False,0,False,0
apply,7,4,2,1,0,0,0,0,3,4,False,0,False,0
isDebugging,10,6,1,0,3,0,0,0,4,1,False,0,False,0
isDebugging,3,1,0,0,0,0,0,0,1,1,False,0,False,0
addFailedAssumption,3,1,1,0,2,0,0,0,1,3,False,0,False,0
addFailure,7,3,1,1,2,0,0,0,3,3,False,0,False,0
addMultipleFailureException,5,2,1,1,1,1,1,3,2,2,False,0,False,0
fireTestFinished,3,1,0,1,0,0,0,0,1,2,False,0,False,0
fireTestIgnored,3,1,0,1,0,0,0,0,1,2,False,0,False,0
fireTestStarted,3,1,0,1,0,0,0,0,1,2,False,0,False,0
filterAbstractClasses,11,10,1,0,5,2,1,0.5,3,4,False,0,False,0
getValueSources,10,2,1,0,3,0,0,0,2,4,False,0,False,0
addError,3,1,1,0,1,0,0,0,1,2,False,0,False,0
call,4,1,0,0,0,0,0,0,1,0,False,0,False,0
checkSucceeds,8,4,1,2,0,0,0,0,3,1,False,0,False,0
checkThat,3,1,2,1,0,0,0,0,1,2,False,0,False,0
checkThat,8,1,3,1,2,0,0,0,3,3,False,0,False,0
verify,3,1,0,0,1,0,0,0,1,1,False,0,False,0
describeCause,4,1,1,0,1,0,0,0,1,2,False,0,False,0
getCauses,13,6,1,2,5,1,0,1,2,3,False,0,False,0
getDescription,7,2,0,1,1,0,0,0,2,3,False,0,False,0
run,5,2,1,1,0,0,0,0,2,2,False,0,False,0
runCause,6,1,2,0,4,0,0,0,1,3,False,0,False,0
assertElementsEqual,3,1,2,0,1,0,0,0,1,2,False,0,False,0
createFilter,3,2,1,0,0,0,0,0,1,1,False,0,False,0
describe,3,1,0,1,0,0,0,0,1,0,False,0,False,0
apply,4,1,2,0,0,0,0,0,1,2,False,0,False,0
expect,3,2,1,0,0,0,0,0,1,2,False,0,False,0
expect,3,2,1,0,0,0,0,0,1,1,False,0,False,0
expectCause,3,2,1,0,0,0,0,0,1,1,False,0,False,0
expectMessage,3,1,1,0,0,0,0,0,1,1,False,0,False,0
expectMessage,3,1,1,0,0,0,0,0,1,1,False,0,False,0
handleAssertionErrors,3,1,0,0,0,0,0,0,1,0,False,0,False,0
handleAssumptionViolatedExceptions,3,1,0,0,0,0,0,0,1,0,False,0,False,0
none,3,1,0,0,0,0,0,0,1,0,False,0,False,0
reportMissingExceptionWithMessage,4,1,1,0,0,0,0,0,1,2,False,0,False,0
add,3,2,1,1,0,0,0,0,1,2,False,0,False,0
allOfTheMatchers,6,3,0,1,4,0,0,0,2,2,False,0,False,0
build,3,1,0,1,1,0,0,0,1,0,False,0,False,0
cast,3,2,1,0,1,0,0,0,1,1,False,0,False,0
castedMatchers,3,3,0,0,0,0,0,0,1,1,False,0,False,0
expectsThrowable,3,1,0,0,1,1,1,1,1,2,False,0,False,0
evaluate,11,4,0,1,3,1,0,2,3,2,False,0,False,0
evaluate,20,6,0,1,8,6,2,0.5,3,10,False,0,True,0
after,3,1,0,0,0,0,0,0,1,0,False,0,False,0
apply,3,1,2,0,1,0,0,0,1,2,False,0,False,0
before,3,1,0,0,0,0,0,0,1,0,False,0,False,0
evaluate,8,3,0,0,0,0,0,0,3,0,False,0,False,0
statement,13,3,1,3,2,0,0,0,5,1,False,0,False,0
evaluate,3,1,0,0,0,0,0,0,1,1,False,0,False,0
builder,3,1,0,0,0,0,0,0,1,0,False,0,False,0
getDescription,3,1,0,0,0,0,0,0,1,1,False,0,False,0
getException,3,1,0,0,0,0,0,0,1,1,False,0,False,0
getMessage,3,1,0,1,1,0,0,4,1,1,False,0,False,0
getTestHeader,3,1,0,0,1,1,1,4,1,2,False,0,False,0
getTrace,6,1,0,2,1,0,0,4,1,3,False,0,False,0
toString,3,1,0,1,1,0,0,4,1,2,False,0,False,0
result,12,4,0,0,2,0,0,0,4,3,False,0,False,0
compare,3,1,2,0,3,2,1,0,1,3,False,0,False,0
validate,6,4,3,0,3,1,0,0,2,4,False,0,False,0
validate,7,4,3,0,3,1,0,0,2,4,False,0,False,0
getAnnotatablesForTestClass,3,1,1,0,1,1,1,0,1,2,False,0,False,0
validateAnnotatable,4,1,2,0,1,0,0,0,1,2,False,0,False,0
apply,3,1,1,0,0,0,0,0,1,1,False,0,False,0
apply,7,2,1,0,1,0,0,0,2,2,False,0,False,0
describe,3,1,0,0,0,0,0,0,1,0,False,0,False,0
describe,3,1,0,0,2,1,1,1,1,1,False,0,False,0
describe,1,1,0,0,0,0,0,0,0,0,False,0,False,0
describe,3,1,0,2,0,0,0,0,1,0,False,0,False,0
intersect,3,1,1,0,0,0,0,0,1,1,False,0,False,0
intersect,18,5,1,4,3,0,0,0,2,3,False,0,False,0
matchMethodDescription,23,7,1,1,8,3,1,0.33,4,4,False,0,False,0
shouldRun,3,1,1,0,0,0,0,0,1,1,False,0,False,0
shouldRun,13,6,1,0,0,0,0,0,2,1,False,0,False,0
shouldRun,1,1,1,0,0,0,0,0,0,1,False,0,False,0
shouldRun,4,2,1,0,0,0,0,0,1,1,False,0,False,0
createFilter,6,1,2,1,0,0,0,0,1,3,False,0,False,0
createFilter,6,2,2,1,0,0,0,0,1,3,False,0,False,0
createFilterFactory,11,4,1,0,4,1,1,0,3,3,True,0,False,0
createFilterFactory,8,4,1,0,3,1,1,0,3,2,True,0,False,0
createFilterFromFilterSpec,13,3,2,0,4,0,0,0,3,4,False,0,False,0
getArgs,3,1,0,0,0,0,0,0,1,1,False,0,False,0
getTopLevelDescription,3,1,0,0,0,0,0,0,1,1,False,0,False,0
getRunner,11,3,0,1,6,0,0,3,3,6,False,0,False,0
get,3,1,1,1,0,0,0,0,1,2,False,0,False,0
getAnnotation,3,1,1,1,0,0,0,2,1,3,False,0,False,0
getAnnotations,3,1,0,1,0,0,0,2,1,2,False,0,False,0
getDeclaringClass,3,2,0,1,0,0,0,2,1,2,False,0,False,0
getField,3,1,0,0,0,0,0,0,1,1,False,0,False,0
getModifiers,3,1,0,1,0,0,0,2,1,2,False,0,False,0
getName,3,1,0,1,1,0,0,2,1,1,False,0,False,0
getType,3,2,0,1,0,0,0,2,1,2,False,0,False,0
isShadowedBy,3,1,1,2,1,0,0,1,1,2,False,0,False,0
toString,3,1,0,1,0,0,0,0,1,1,False,0,False,0
getDeclaringClass,1,2,0,0,0,0,0,0,0,0,False,0,False,0
getModifiers,1,1,0,0,0,0,0,0,0,0,False,0,False,0
getName,1,1,0,0,0,0,0,0,0,0,False,0,False,0
getType,1,2,0,0,0,0,0,0,0,0,False,0,False,0
isPublic,3,1,0,2,0,0,0,0,1,2,False,0,False,0
isShadowedBy,1,1,1,0,0,0,0,0,0,1,False,0,False,0
isShadowedBy,8,4,1,1,0,0,0,0,3,2,False,0,False,0
isStatic,3,1,0,2,0,0,0,0,1,2,False,0,False,0
equals,6,3,1,1,2,1,0,2,2,4,False,0,False,0
getAnnotation,3,1,1,1,0,0,0,2,1,3,False,0,False,0
getAnnotations,3,1,0,1,0,0,0,2,1,2,False,0,False,0
getDeclaringClass,3,2,0,1,0,0,0,2,1,2,False,0,False,0
getMethod,3,1,0,0,0,0,0,0,1,1,False,0,False,0
getModifiers,3,1,0,1,0,0,0,2,1,2,False,0,False,0
getName,3,1,0,1,0,0,0,2,1,2,False,0,False,0
getParameterTypes,3,2,0,1,0,0,0,2,1,2,False,0,False,0
getReturnType,3,2,0,1,0,0,0,2,1,2,False,0,False,0
getType,3,2,0,0,1,0,0,0,1,0,False,0,False,0
hashCode,3,1,0,1,0,0,0,0,1,1,False,0,False,0
invokeExplosively,9,1,1,0,4,0,0,0,3,2,False,0,False,0
isShadowedBy,14,8,1,9,0,0,0,0.29,2,4,False,0,True,0
producesType,4,5,1,1,2,1,0,1,1,4,False,0,False,0
runReflectiveCall,3,1,0,0,0,0,0,0,1,1,False,0,False,0
toString,3,1,0,1,0,0,0,0,1,1,False,0,False,0
validateNoTypeParametersOnArgs,3,1,1,0,2,0,0,0,1,2,False,0,False,0
validatePublicVoid,12,6,2,4,8,2,1,0.33,2,11,False,0,False,0
validatePublicVoidNoArg,6,2,2,3,2,0,0,1,2,6,False,0,False,0
runnerForClass,6,4,1,0,2,1,1,0,2,2,False,0,False,0
getDescription,3,1,0,0,1,0,0,0,1,1,False,0,False,0
run,3,1,1,1,1,0,0,2,1,2,False,0,False,0
createFilter,3,2,1,0,0,0,0,0,1,1,False,0,False,0
describe,3,1,0,1,0,0,0,0,1,0,False,0,False,0
assertElementsEqual,7,3,2,0,2,0,0,0,3,4,False,0,False,0
getCauses,3,1,0,0,0,0,0,0,1,1,False,0,False,0
getCauses,3,1,0,0,0,0,0,0,1,1,False,0,False,0
failed,4,1,2,1,2,1,1,0,1,3,False,0,False,0
finished,3,1,1,1,1,1,1,0,1,2,False,0,False,0
skipped,4,1,2,1,2,1,1,0,1,3,False,0,False,0
starting,3,1,1,1,0,0,0,0,1,1,False,0,False,0
succeeded,4,1,1,1,2,1,1,0,1,2,False,0,False,0
evaluate,3,1,0,0,1,0,0,0,1,2,False,0,False,0
isPre4Test,3,2,1,0,1,1,0,0,1,2,False,0,False,0
runnerForClass,6,4,1,1,1,0,0,0,2,2,False,0,False,0
runnerForClass,3,2,1,0,1,0,0,0,1,1,False,0,False,0
classAnnotations,3,1,0,0,2,2,2,1.5,1,3,False,0,False,0
compare,3,1,2,0,0,0,0,0,1,2,False,0,False,0
createTest,3,1,0,0,3,1,1,3,1,1,False,0,False,0
filter,11,4,1,1,7,1,1,3,3,6,False,0,False,0
getDescription,8,2,0,1,1,0,0,0,2,5,False,0,False,0
getName,3,1,0,1,1,0,0,3,1,1,False,0,False,0
getTestClass,3,1,0,0,0,0,0,0,1,1,False,0,False,0
getTestMethods,3,1,0,1,0,0,0,3,1,2,False,0,False,0
invokeTestMethod,15,5,2,4,2,1,0,3,3,6,False,0,False,0
methodDescription,3,1,1,3,2,1,1,1.5,1,3,False,0,False,0
run,7,1,1,2,4,0,0,3,3,3,False,0,False,0
run,3,1,0,0,0,0,0,0,1,0,False,0,False,0
runMethods,5,2,1,1,0,0,0,0,2,2,False,0,False,0
sort,7,1,1,4,1,0,0,0,3,2,False,0,False,0
testAborted,6,1,3,0,4,0,0,0,1,3,False,0,False,0
testAnnotations,3,1,1,0,1,1,1,3,1,2,False,0,False,0
testName,3,1,1,1,0,0,0,3,1,2,False,0,False,0
validate,5,1,0,0,2,0,0,0,1,2,False,0,False,0
wrapMethod,3,1,1,0,1,0,0,0,1,2,False,0,False,0
countTestCases,3,1,0,0,1,0,0,0,1,1,False,0,False,0
filter,3,1,1,0,1,0,0,0,1,2,False,0,False,0
getDescription,4,1,0,0,1,0,0,0,1,2,False,0,False,0
getTestClass,3,2,0,0,0,0,0,0,1,1,False,0,False,0
getTests,3,1,0,1,1,0,0,5,1,2,False,0,False,0
isIgnored,3,1,1,0,1,1,1,5,1,2,False,0,False,0
removeIgnored,13,5,1,2,3,2,1,1.67,2,6,False,0,False,0
run,3,1,1,1,1,1,1,5,1,4,False,0,False,0
sort,3,1,1,0,1,0,0,0,1,2,False,0,False,0
toString,3,1,0,0,1,1,1,5,1,2,False,0,False,0
asTest,10,5,1,1,5,1,1,2,3,2,False,0,False,0
asTestList,11,7,1,2,4,2,1,1,3,4,False,0,False,0
createTest,11,5,1,1,6,3,1,0.67,3,5,False,0,False,0
getDefault,3,1,0,0,0,0,0,0,1,1,False,0,False,0
getNotifier,20,1,2,3,10,2,2,1,3,5,False,0,False,0
testFailure,3,1,1,0,0,0,0,0,1,1,False,0,False,0
testFinished,3,1,1,1,1,0,0,0,1,1,False,0,False,0
testStarted,3,1,1,1,1,0,0,0,1,1,False,0,False,0
countTestCases,3,1,0,0,0,0,0,0,1,0,False,0,False,0
getDescription,3,1,0,0,0,0,0,0,1,1,False,0,False,0
run,4,1,1,0,1,0,0,0,1,1,False,0,False,0
toString,3,1,0,1,1,0,0,0,1,0,False,0,False,0
applyFilterSpecs,12,5,1,0,0,0,0,0,3,3,False,0,False,0
copyArray,9,2,3,0,0,0,0,0,2,5,False,0,False,0
createRequest,9,5,1,0,0,0,0,0,3,7,False,0,False,0
errorReport,3,1,1,0,0,0,0,0,1,1,False,0,False,0
getClasses,3,2,0,0,0,0,0,0,1,1,False,0,False,0
getFilterSpecs,3,1,0,0,0,0,0,0,1,1,False,0,False,0
parse,7,1,1,0,0,0,0,0,1,2,False,0,False,0
parseArgs,3,1,1,0,0,0,0,0,1,1,False,0,False,0
parseOptions,33,14,0,0,0,0,0,0,4,6,False,0,True,0
parseParameters,9,4,1,0,0,0,0,0,4,3,False,0,False,0
addListener,3,1,1,1,0,0,0,0,1,2,False,0,False,0
defaultComputer,3,1,0,0,1,0,0,0,1,0,False,0,False,0
getVersion,3,1,0,0,1,0,0,0,1,0,False,0,False,0
main,4,3,0,0,2,0,0,0,1,1,False,0,False,0
removeListener,3,1,1,1,0,0,0,0,1,2,False,0,False,0
run,3,2,0,1,1,0,0,0,1,0,False,0,False,0
run,3,2,1,0,2,0,0,0,1,1,False,0,False,0
run,3,1,1,0,2,1,1,1,1,2,False,0,False,0
run,3,1,1,0,2,0,0,0,1,1,False,0,False,0
run,13,3,1,2,4,1,1,1,3,8,False,0,False,0
runClasses,3,2,0,1,1,0,0,0,1,0,False,0,False,0
runClasses,3,2,1,1,1,0,0,0,1,1,False,0,False,0
runMain,10,1,1,2,5,0,0,0,1,3,False,0,False,0
both,3,2,1,1,0,0,0,0,1,1,False,0,False,0
containsString,3,1,1,1,0,0,0,0,1,1,False,0,False,0
either,3,2,1,1,0,0,0,0,1,1,False,0,False,0
everyItem,3,1,1,1,0,0,0,0,1,1,False,0,False,0
hasItem,3,2,1,1,0,0,0,0,1,1,False,0,False,0
hasItem,3,3,1,1,0,0,0,0,1,1,False,0,False,0
hasItems,3,1,0,1,0,0,0,0,1,0,False,0,False,0
hasItems,3,2,0,1,0,0,0,0,1,0,False,0,False,0
isException,3,1,1,1,0,0,0,0,1,2,False,0,False,0
isThrowable,3,1,1,1,0,0,0,0,1,2,False,0,False,0
testAssumptionFailure,3,1,1,0,0,0,0,0,1,1,False,0,False,0
testFailure,3,1,1,0,1,0,0,0,1,1,False,0,False,0
testFinished,3,1,1,0,1,1,0,0,1,2,False,0,False,0
testIgnored,3,1,1,0,1,1,0,0,1,2,False,0,False,0
testRunFinished,4,1,1,0,2,0,0,0,1,2,False,0,False,0
testRunStarted,3,1,1,0,2,0,0,0,1,1,False,0,False,0
buildRunner,21,9,1,3,10,0,0,1,2,6,False,0,False,0
constructLeafRequest,17,5,1,1,5,0,0,0,4,2,False,0,False,0
findLeaves,5,1,1,2,1,1,1,1.5,1,4,False,0,False,0
findLeaves,13,6,3,1,9,3,1,1,4,6,False,0,False,0
forFolder,3,1,1,0,2,0,0,0,1,1,False,0,False,0
getMalformedTestClass,7,5,1,0,3,0,0,0,3,2,False,0,False,0
getRunner,8,4,0,0,0,0,0,0,3,0,False,0,False,0
run,3,2,1,0,2,0,0,0,1,1,False,0,False,0
run,3,1,1,0,2,0,0,0,1,1,False,0,False,0
run,4,1,2,3,2,0,0,3,1,4,False,0,False,0
sortedLeavesForTest,3,1,1,1,1,0,0,0,1,1,False,0,False,0
sortRequest,9,3,1,0,3,0,0,0,2,3,False,0,False,0
storedLocally,3,1,1,0,1,0,0,0,1,1,False,0,False,0
forFolder,11,5,1,0,0,0,0,0,4,1,False,0,False,0
getFailureTimestamp,3,1,1,0,0,0,0,0,1,2,False,0,False,0
getTestDuration,3,1,1,0,0,0,0,0,1,2,False,0,False,0
isNewTest,3,1,1,0,0,0,0,0,1,2,False,0,False,0
putTestDuration,3,1,2,0,0,0,0,0,1,3,False,0,False,0
putTestFailureTimestamp,3,1,2,0,0,0,0,0,1,3,False,0,False,0
readHistory,18,7,1,0,0,0,0,0,5,3,False,0,False,0
save,6,1,0,0,0,0,0,0,1,2,False,0,False,0
validate,19,8,3,0,4,2,1,0,4,8,False,0,False,0
validate,6,4,3,0,3,1,1,0,2,4,False,0,False,0
validate,6,4,3,0,3,1,1,0,2,4,False,0,False,0
compare,3,1,2,1,2,2,1,0,1,3,False,0,False,0
validate,6,4,3,0,3,1,0,0,2,4,False,0,False,0
validate,7,4,3,0,3,1,0,0,2,4,False,0,False,0
getDescription,3,1,0,0,1,1,1,2,1,2,False,0,False,0
getValue,16,7,0,0,8,2,1,1,3,6,False,0,False,0
addFailure,3,1,1,0,2,0,0,0,1,3,False,0,False,0
call,4,1,0,0,0,0,0,0,1,0,False,0,False,0
run,17,6,0,2,5,2,2,2.5,3,11,False,0,False,0
run,23,5,0,0,0,0,0,0,3,2,False,0,False,0
run,3,1,0,0,0,0,0,0,1,0,False,0,False,0
runAfters,12,5,0,2,2,1,0,5,4,4,False,0,False,0
runBefores,17,7,0,1,5,2,1,2.5,4,5,False,0,False,0
runBeforesThenTestThenAfters,11,5,1,3,1,0,0,0,3,4,False,0,False,0
runTest,7,1,0,2,2,0,0,0,3,0,False,0,False,0
runTestMethod,21,8,0,4,15,8,3,0.62,3,14,False,0,True,0
runWithTimeout,28,5,1,4,10,0,0,0,5,1,False,0,False,0
compare,8,5,2,1,0,0,0,0,2,5,False,0,False,0
compare,7,3,2,0,3,0,0,0,2,3,False,0,False,0
getDeclaredMethods,10,3,1,0,1,0,0,0,2,3,False,0,False,0
getSorter,7,3,1,0,2,1,0,3,2,3,False,0,False,0
assertValid,5,2,0,0,2,1,1,3,2,3,False,0,False,0
validateInstanceMethods,10,2,0,3,3,0,0,0,2,3,False,0,False,0
validateMethodsForDefaultRunner,6,1,0,3,0,0,0,0,1,1,False,0,False,0
validateNoArgConstructor,7,3,0,0,3,1,1,3,3,3,False,0,False,0
validateStaticMethods,4,1,0,2,0,0,0,0,1,0,False,0,False,0
validateTestMethods,28,10,2,0,25,15,4,0.2,3,17,False,0,False,0
getAnnotatablesForTestClass,4,1,1,0,1,1,1,0,1,2,False,0,False,0
validateAnnotatable,4,1,2,0,1,0,0,0,1,2,False,0,False,0
assertEmpty,17,4,1,0,5,1,1,3,2,2,False,0,False,0
getFailures,3,1,0,0,1,0,0,0,1,1,False,0,False,0
getMessage,8,2,0,1,6,2,2,1,2,6,False,0,False,0
validate,5,2,1,1,1,1,0,2,2,3,False,0,False,0
validateNoTypeParameterOnGenericArrayType,4,1,2,1,1,1,0,2,1,3,False,0,False,0
validateNoTypeParameterOnParameterizedType,6,2,2,1,1,1,0,2,2,3,False,0,False,0
validateNoTypeParameterOnType,12,6,2,3,6,1,1,2,3,4,False,0,False,0
validateNoTypeParameterOnWildcardType,9,3,2,2,2,2,0,1,2,4,False,0,False,0
runnerForClass,3,2,1,0,0,0,0,0,1,1,False,0,False,0
addError,4,1,2,0,1,0,0,0,1,4,False,0,False,0
addFailure,3,1,2,1,0,0,0,0,1,2,False,0,False,0
asDescription,7,3,1,2,2,1,1,0.67,2,5,False,0,False,0
endTest,3,1,1,1,1,0,0,0,1,2,False,0,False,0
getEffectiveClass,3,2,1,0,1,1,1,2,1,2,False,0,False,0
getName,7,4,1,1,2,0,0,2,3,2,False,0,False,0
startTest,3,1,1,1,1,0,0,0,1,2,False,0,False,0
classes,3,1,0,0,1,0,0,0,1,1,False,0,False,0
finished,8,3,0,0,3,0,0,0,3,2,False,0,False,0
getRunner,5,4,2,1,0,0,0,0,1,4,False,0,False,0
getSuite,5,4,2,1,0,0,0,0,1,6,False,0,False,0
methods,3,1,0,0,1,0,0,0,1,1,False,0,False,0
parallelize,21,5,1,0,9,1,1,4,4,6,False,0,False,0
schedule,3,1,1,0,0,0,0,0,1,2,False,0,False,0
allParameters,10,5,0,0,4,0,0,0,3,1,False,0,False,0
createRunnersForParameters,18,4,3,1,3,0,0,0,3,8,False,0,False,0
createTestsForParameters,11,2,2,1,1,0,0,0,2,4,False,0,False,0
createTestWithNotNormalizedParameters,7,2,3,0,2,1,1,7,2,5,False,0,False,0
createTestWithParameters,8,1,4,0,2,0,0,0,2,6,False,0,False,0
getChildren,3,1,0,0,0,0,0,0,1,1,False,0,False,0
getParametersMethod,12,4,0,0,5,4,3,1.75,3,5,False,0,False,0
getParametersRunnerFactory,12,6,1,0,2,0,0,0,3,4,False,0,False,0
parametersMethodReturnedWrongType,8,1,0,0,1,0,0,0,2,3,False,0,False,0
equals,3,2,1,1,2,0,0,0,1,1,False,0,False,0
hashCode,3,1,0,1,1,0,0,0,1,0,False,0,False,0
join,3,1,1,0,2,0,0,0,1,1,False,0,False,0
join,12,3,2,1,6,0,0,0,3,5,False,0,False,0
stringValueOf,7,4,1,0,1,0,0,0,3,1,False,0,False,0
buildConvertableTypesMap,14,7,0,8,1,0,0,0,1,1,False,0,False,0
canAcceptType,4,3,1,1,1,1,0,2,1,5,False,0,False,0
canAcceptValue,3,3,1,1,3,2,1,2,1,4,False,0,False,0
canPotentiallyAcceptType,5,4,1,2,1,1,0,2,1,5,False,0,False,0
findDeepAnnotation,4,1,1,0,1,0,0,0,1,3,False,0,False,0
findDeepAnnotation,18,8,3,2,4,1,0,2,2,8,False,0,False,0
getAnnotation,8,4,1,1,2,1,0,2,3,3,False,0,False,0
getAnnotations,3,1,0,0,1,0,0,0,1,1,False,0,False,0
getType,3,2,0,0,0,0,0,0,1,1,False,0,False,0
hasAnnotation,3,2,1,0,1,0,0,0,1,3,False,0,False,0
isAssignableViaTypeConversion,8,7,2,0,3,1,0,4,3,6,False,0,False,0
putSymmetrically,4,1,3,0,2,0,0,0,1,3,False,0,False,0
signatures,4,1,1,0,3,2,1,2,1,3,False,0,False,0
signatures,4,2,1,0,3,2,1,2,1,3,False,0,False,0
signatures,9,3,2,0,2,0,0,0,2,4,False,0,False,0
getValueSources,1,1,1,0,0,0,0,0,0,1,False,0,False,0
applyValidators,7,3,1,2,3,1,1,2,3,4,False,0,False,0
areAllChildrenIgnored,8,4,0,2,0,0,0,3,3,2,False,0,False,0
childrenInvoker,8,1,1,1,2,0,0,0,3,1,False,0,False,0
classBlock,9,2,1,4,0,0,0,0,2,2,False,0,False,0
classRules,5,1,0,0,2,1,1,6,1,4,False,0,False,0
collectInitializationErrors,6,1,1,4,0,0,0,0,1,1,False,0,False,0
comparator,7,2,1,3,1,0,0,0,3,1,False,0,False,0
compare,3,1,2,0,0,0,0,0,1,2,False,0,False,0
createTestClass,3,2,1,0,1,0,0,0,1,3,False,0,False,0
describeChild,1,1,1,0,0,0,0,0,0,1,False,0,False,0
evaluate,3,1,0,0,0,0,0,0,1,0,False,0,False,0
filter,21,7,1,2,10,1,1,3,6,9,False,0,True,0
finished,3,1,0,0,0,0,0,0,1,0,False,0,False,0
getChildren,1,1,0,0,0,0,0,0,0,0,False,0,False,0
getDescription,8,2,0,2,1,0,0,6,2,2,False,0,False,0
getFilteredChildren,10,3,0,1,2,0,0,6,4,6,False,0,False,0
getName,3,1,0,1,0,0,0,6,1,2,False,0,False,0
getRunnerAnnotations,3,1,0,0,1,1,1,6,1,2,False,0,False,0
getTestClass,3,1,0,0,0,0,0,0,1,1,False,0,False,0
isIgnored,3,1,1,0,0,0,0,0,1,1,False,0,False,0
run,3,1,0,0,0,0,0,0,1,0,False,0,False,0
run,14,5,1,2,2,0,0,0,3,3,False,0,False,0
runChild,1,1,2,0,0,0,0,0,0,2,False,0,False,0
runChildren,14,4,1,4,2,0,0,6,5,4,False,0,False,0
runLeaf,14,5,3,1,4,0,0,0,3,4,False,0,False,0
schedule,3,1,1,1,0,0,0,0,1,1,False,0,False,0
setScheduler,3,1,1,0,0,0,0,0,1,4,False,0,False,0
shouldRun,3,1,2,2,0,0,0,0,1,2,False,0,False,0
sort,10,2,1,4,3,0,0,3,3,5,False,0,False,0
validate,7,2,0,1,2,1,1,6,2,2,False,0,False,0
validateClassRules,4,1,1,4,0,0,0,3,1,2,False,0,False,0
validatePublicVoidNoArgMethods,8,3,3,0,1,0,0,0,2,4,False,0,False,0
withAfterClasses,6,3,1,0,2,1,1,6,1,4,False,0,False,0
withBeforeClasses,6,3,1,0,2,1,1,6,1,4,False,0,False,0
withClassRules,5,3,1,1,2,1,1,3,1,4,False,0,False,0
failureCount,3,1,0,0,2,1,1,3,1,2,False,0,False,0
testResult,3,2,1,0,2,0,0,0,1,1,False,0,False,0
testResult,3,1,1,0,3,0,0,0,1,1,False,0,False,0
toString,5,1,0,1,3,0,0,0,1,2,False,0,False,0
validateTestClass,8,3,1,0,4,2,2,0.5,3,4,False,0,False,0
exit,3,1,1,1,0,0,0,0,1,1,False,0,False,0
out,3,1,0,0,0,0,0,0,1,0,False,0,False,0
run,7,3,0,0,2,1,0,0,3,1,False,0,False,0
runReflectiveCall,1,1,0,0,0,0,0,0,0,0,False,0,False,0
testFailure,3,1,1,0,2,1,1,2,1,3,False,0,False,0
testFinished,5,1,1,0,1,0,0,0,1,4,False,0,False,0
testRunFinished,3,1,1,0,1,0,0,0,1,1,False,0,False,0
testStarted,4,1,1,0,2,0,0,0,1,2,False,0,False,0
countTestCases,3,1,0,1,0,0,0,0,1,1,False,0,False,0
run,8,3,1,1,1,0,0,0,3,3,False,0,False,0
toString,3,1,0,1,0,0,0,0,1,0,False,0,False,0
aClass,3,2,1,0,1,0,0,0,1,1,False,0,False,0
classes,10,4,1,0,4,1,1,0,3,4,False,0,False,0
classes,3,2,0,0,2,0,0,0,1,0,False,0,False,0
classWithoutSuiteMethod,3,2,1,0,1,0,0,0,1,1,False,0,False,0
errorReport,3,2,2,0,2,0,0,0,1,2,False,0,False,0
filterWith,3,1,1,0,1,0,0,0,1,1,False,0,False,0
filterWith,3,1,1,0,2,0,0,0,1,1,False,0,False,0
getRunner,3,1,0,0,0,0,0,0,1,0,False,0,False,0
getRunner,1,1,0,0,0,0,0,0,0,0,False,0,False,0
method,4,2,2,2,0,0,0,0,1,3,False,0,False,0
runner,8,1,1,0,2,0,0,0,3,1,False,0,False,0
sortWith,3,1,1,0,1,0,0,0,1,1,False,0,False,0
getFailureCount,3,1,0,0,0,0,0,0,1,1,False,0,False,0
getFailures,3,1,0,0,0,0,0,0,1,1,False,0,False,0
getIgnoreCount,3,1,0,0,0,0,0,0,1,1,False,0,False,0
getRunCount,3,1,0,0,0,0,0,0,1,1,False,0,False,0
getRunTime,3,1,0,0,0,0,0,0,1,1,False,0,False,0
readObject,4,1,1,0,0,0,0,0,1,2,False,0,False,0
readResolve,3,1,0,0,0,0,0,0,1,1,False,0,False,0
wasSuccessful,3,1,0,0,0,0,0,0,1,0,False,0,False,0
writeObject,4,1,1,0,0,0,0,0,1,4,False,0,False,0
describeTo,3,1,1,0,0,0,0,0,1,1,False,0,False,0
describeTo,3,1,1,0,1,0,0,0,1,1,False,0,False,0
describeTo,3,1,1,0,1,0,0,0,1,1,False,0,False,0
failureCountIs,12,1,1,0,4,0,0,0,3,1,False,0,False,0
hasFailureContaining,11,1,1,0,5,0,0,0,3,1,False,0,False,0
hasSingleFailureContaining,11,2,1,2,5,0,0,0,3,1,False,0,False,0
isSuccessful,3,1,0,0,1,0,0,0,1,0,False,0,False,0
matches,3,2,1,0,0,0,0,0,1,1,False,0,False,0
matches,3,1,1,0,0,0,0,0,1,1,False,0,False,0
matchesSafely,3,1,1,0,1,0,0,0,1,1,False,0,False,0
addError,3,1,2,2,0,0,0,3,1,3,False,0,False,0
addFailure,3,1,2,2,0,0,0,3,1,3,False,0,False,0
elapsedTimeAsString,3,1,1,0,2,1,0,3,1,2,False,0,False,0
endTest,2,1,1,0,0,0,0,0,1,1,False,0,False,0
getWriter,3,1,0,0,0,0,0,0,1,1,False,0,False,0
print,6,1,2,4,0,0,0,0,1,2,False,0,False,0
printDefect,4,1,2,2,0,0,0,0,1,2,False,0,False,0
printDefectHeader,5,1,2,2,1,0,0,3,1,3,False,0,False,0
printDefects,11,5,3,3,4,0,0,1.5,3,5,False,0,False,0
printDefectTrace,3,1,1,2,2,1,1,1.5,1,3,False,0,False,0
printErrors,3,1,1,1,2,0,0,0,1,1,False,0,False,0
printFailures,3,1,1,1,2,0,0,0,1,1,False,0,False,0
printFooter,15,5,1,8,12,0,0,0.43,3,2,False,0,False,0
printHeader,4,1,1,3,2,0,0,1.5,1,2,False,0,False,0
printWaitPrompt,4,1,0,2,2,0,0,1.5,1,1,False,0,False,0
startTest,7,2,1,3,1,0,0,1.5,2,4,False,0,False,0
apply,6,2,2,1,0,0,0,0,2,3,False,0,False,0
around,6,1,1,0,3,0,0,0,1,3,False,0,False,0
emptyRuleChain,3,1,0,0,0,0,0,0,1,1,False,0,False,0
outerRule,3,1,1,1,1,0,0,0,1,1,False,0,False,0
classRuleValidatorBuilder,3,1,0,0,0,0,0,0,1,0,False,0,False,0
testRuleValidatorBuilder,3,1,0,0,0,0,0,0,1,0,False,0,False,0
validate,8,7,2,0,0,0,0,0,2,6,False,0,False,0
validateMember,5,3,2,0,0,0,0,0,2,4,False,0,False,0
evaluate,17,7,0,1,4,0,0,0,3,4,False,0,False,0
evaluate,6,2,0,1,1,0,0,0,2,3,False,0,False,0
testAssumptionFailure,2,1,1,0,0,0,0,0,1,1,False,0,False,0
testFailure,2,1,1,0,0,0,0,0,1,1,False,0,False,0
testFinished,2,1,1,0,0,0,0,0,1,1,False,0,False,0
testIgnored,2,1,1,0,0,0,0,0,1,1,False,0,False,0
testRunFinished,2,1,1,0,0,0,0,0,1,1,False,0,False,0
testRunStarted,2,1,1,0,0,0,0,0,1,1,False,0,False,0
testStarted,2,1,1,0,0,0,0,0,1,1,False,0,False,0
getDescription,1,1,0,0,0,0,0,0,0,0,False,0,False,0
run,1,1,1,0,0,0,0,0,0,1,False,0,False,0
testCount,3,1,0,1,1,0,0,0,1,0,False,0,False,0
addParent,6,4,1,0,4,1,1,1,2,3,False,0,False,0
removeParent,3,2,1,0,1,0,0,0,1,2,False,0,False,0
runnerForClass,1,2,1,0,0,0,0,0,0,1,False,0,False,0
runners,10,5,2,2,1,0,0,0,3,2,False,0,False,0
runners,4,4,2,0,2,0,0,0,1,2,False,0,False,0
runners,10,6,1,1,1,0,0,0,3,3,False,0,False,0
safeRunnerForClass,7,5,1,0,2,0,0,0,3,1,False,0,False,0
addListener,6,2,1,0,0,0,0,0,2,2,False,0,False,0
removeListener,6,2,1,0,0,0,0,0,2,2,False,0,False,0
wrapIfNotThreadSafe,4,2,1,0,0,0,0,0,1,1,False,0,False,0
applyAll,7,2,3,0,1,0,0,0,2,3,False,0,False,0
evaluate,3,1,0,1,0,0,0,0,1,1,False,0,False,0
notifyListener,1,1,1,0,0,0,0,0,0,1,False,0,False,0
run,14,4,0,1,4,0,0,0,4,5,False,0,False,0
deserialize,5,1,1,0,1,0,0,0,1,2,False,0,False,0
serialize,9,1,1,0,6,0,0,0,1,12,False,0,False,0
apply,6,2,1,0,1,0,0,0,2,2,False,0,False,0
compare,3,1,2,0,0,0,0,0,1,2,False,0,False,0
compare,3,1,2,1,0,0,0,0,1,3,False,0,False,0
getRunner,5,1,0,0,2,0,0,0,1,3,False,0,False,0
getDataPointsFields,15,3,1,0,5,1,1,1,3,6,False,0,False,0
getDataPointsMethods,15,3,1,0,5,1,1,1,3,6,False,0,False,0
getSingleDataPointFields,15,3,1,0,5,1,1,1,3,6,False,0,False,0
getSingleDataPointMethods,15,3,1,0,5,1,1,1,3,6,False,0,False,0
describeMismatchSafely,5,1,2,1,3,0,0,0,1,3,False,0,False,0
describeTo,3,1,1,1,0,0,0,0,1,2,False,0,False,0
isException,4,1,1,0,0,0,0,0,1,1,False,0,False,0
isThrowable,4,1,1,0,0,0,0,0,1,3,False,0,False,0
matchesSafely,3,1,1,0,1,0,0,0,1,2,False,0,False,0
readStacktrace,5,1,1,0,3,0,0,0,1,2,False,0,False,0
evaluate,1,1,0,0,0,0,0,0,0,0,False,0,False,0
apply,3,1,2,0,0,0,0,0,1,2,False,0,False,0
failed,2,1,3,0,0,0,0,0,1,3,False,0,False,0
finished,2,1,2,0,0,0,0,0,1,2,False,0,False,0
getNanos,11,3,0,0,0,0,0,0,2,5,False,0,False,0
runtime,3,1,1,0,0,0,0,0,1,1,False,0,False,0
skipped,2,1,3,0,0,0,0,0,1,3,False,0,False,0
starting,4,1,0,0,0,0,0,0,1,3,False,0,False,0
stopping,3,1,0,0,0,0,0,0,1,2,False,0,False,0
succeeded,2,1,2,0,0,0,0,0,1,2,False,0,False,0
describeChild,3,1,1,0,1,1,1,7,1,2,False,0,False,0
emptySuite,7,5,0,0,2,0,0,0,3,0,False,0,False,0
getAnnotatedClasses,7,4,1,0,4,1,1,7,2,3,False,0,False,0
getChildren,3,1,0,0,0,0,0,0,1,1,False,0,False,0
runChild,3,1,2,0,1,0,0,0,1,2,False,0,False,0
testFromSuiteMethod,14,5,1,0,8,5,4,0.2,3,8,False,0,False,0
hasSuiteMethod,8,5,1,0,1,1,1,0,3,2,False,0,False,0
runnerForClass,6,4,1,1,1,0,0,0,2,1,False,0,False,0
equals,11,5,1,1,0,0,0,0,2,4,False,0,False,0
hashCode,3,1,0,1,0,0,0,0,1,1,False,0,False,0
testAssumptionFailure,5,1,1,1,1,0,0,0,2,3,False,0,False,0
testFailure,5,1,1,1,1,0,0,0,2,3,False,0,False,0
testFinished,5,1,1,1,1,0,0,0,2,3,False,0,False,0
testIgnored,5,1,1,1,1,0,0,0,2,3,False,0,False,0
testRunFinished,5,1,1,1,1,0,0,0,2,3,False,0,False,0
testRunStarted,5,1,1,1,1,0,0,0,2,3,False,0,False,0
testStarted,5,1,1,1,1,0,0,0,2,3,False,0,False,0
toString,3,1,0,1,0,0,0,0,1,1,False,0,False,0
after,3,1,0,1,0,0,0,0,1,0,False,0,False,0
before,3,1,0,1,0,0,0,0,1,0,False,0,False,0
create,3,1,0,1,0,0,0,0,1,2,False,0,False,0
createTemporaryFolderIn,6,1,1,1,1,0,0,0,1,4,False,0,False,0
delete,5,2,0,1,0,0,0,0,2,2,False,0,False,0
getRoot,7,2,0,0,1,0,0,0,2,3,False,0,False,0
isLastElementInArray,3,1,2,0,0,0,0,0,1,2,False,0,False,0
newFile,8,2,1,0,2,0,0,0,2,3,False,0,False,0
newFile,3,1,0,1,1,0,0,4,1,1,False,0,False,0
newFolder,3,1,1,0,1,0,0,0,2,3,False,0,False,0
newFolder,13,4,0,3,2,0,0,4,3,5,False,0,False,0
newFolder,3,1,0,1,1,0,0,4,1,1,False,0,False,0
recursiveDelete,9,3,1,2,0,0,0,0,3,2,False,0,False,0
validateFolderName,8,2,1,1,2,1,0,4,2,4,False,0,False,0
assertEquals,3,1,3,1,0,0,0,0,1,3,False,0,False,0
assertEquals,3,1,2,1,0,0,0,0,1,2,False,0,False,0
assertEquals,3,1,3,1,0,0,0,0,1,3,False,0,False,0
assertEquals,3,1,2,1,0,0,0,0,1,2,False,0,False,0
assertEquals,3,1,4,1,0,0,0,0,1,4,False,0,False,0
assertEquals,3,1,3,1,0,0,0,0,1,3,False,0,False,0
assertEquals,3,1,4,1,0,0,0,0,1,4,False,0,False,0
assertEquals,3,1,3,1,0,0,0,0,1,3,False,0,False,0
assertEquals,3,1,3,1,0,0,0,0,1,3,False,0,False,0
assertEquals,3,1,2,1,0,0,0,0,1,2,False,0,False,0
assertEquals,3,1,3,1,0,0,0,0,1,3,False,0,False,0
assertEquals,3,1,2,1,0,0,0,0,1,2,False,0,False,0
assertEquals,3,1,3,1,0,0,0,0,1,3,False,0,False,0
assertEquals,3,1,2,1,0,0,0,0,1,2,False,0,False,0
assertEquals,3,1,3,1,0,0,0,0,1,3,False,0,False,0
assertEquals,3,1,2,1,0,0,0,0,1,2,False,0,False,0
assertEquals,3,1,3,1,0,0,0,0,1,3,False,0,False,0
assertEquals,3,1,2,1,0,0,0,0,1,2,False,0,False,0
assertEquals,3,1,3,1,0,0,0,0,1,3,False,0,False,0
assertEquals,3,1,2,1,0,0,0,0,1,2,False,0,False,0
assertFalse,3,1,2,1,0,0,0,0,1,2,False,0,False,0
assertFalse,3,1,1,1,0,0,0,0,1,1,False,0,False,0
assertNotNull,3,1,1,1,0,0,0,0,1,1,False,0,False,0
assertNotNull,3,1,2,1,0,0,0,0,1,2,False,0,False,0
assertNotSame,3,1,3,1,0,0,0,0,1,3,False,0,False,0
assertNotSame,3,1,2,1,0,0,0,0,1,2,False,0,False,0
assertNull,3,1,1,1,0,0,0,0,1,1,False,0,False,0
assertNull,3,1,2,1,0,0,0,0,1,2,False,0,False,0
assertSame,3,1,3,1,0,0,0,0,1,3,False,0,False,0
assertSame,3,1,2,1,0,0,0,0,1,2,False,0,False,0
assertTrue,3,1,2,1,0,0,0,0,1,2,False,0,False,0
assertTrue,3,1,1,1,0,0,0,0,1,1,False,0,False,0
countTestCases,3,1,0,0,0,0,0,0,1,0,False,0,False,0
createResult,3,1,0,0,1,0,0,0,1,0,False,0,False,0
fail,3,1,1,1,0,0,0,0,1,1,False,0,False,0
fail,3,1,0,1,0,0,0,0,1,0,False,0,False,0
failNotEquals,3,1,3,1,0,0,0,0,1,3,False,0,False,0
failNotSame,3,1,3,1,0,0,0,0,1,3,False,0,False,0
failSame,3,1,1,1,0,0,0,0,1,1,False,0,False,0
format,3,1,3,1,0,0,0,0,1,3,False,0,False,0
getName,3,1,0,0,0,0,0,0,1,1,False,0,False,0
run,5,1,0,1,0,0,0,0,1,1,False,0,False,0
run,3,1,1,1,0,0,0,0,1,1,False,0,False,0
runBare,16,8,0,3,0,0,0,3,3,2,False,0,False,0
runTest,26,7,0,3,8,5,4,0.6,3,11,False,0,True,0
setName,3,1,1,0,0,0,0,0,1,2,False,0,False,0
setUp,2,1,0,0,0,0,0,0,1,0,False,0,False,0
tearDown,2,1,0,0,0,0,0,0,1,0,False,0,False,0
toString,3,1,0,1,2,1,1,1.5,1,2,False,0,False,0
getAfters,3,1,0,0,1,0,0,0,1,0,False,0,False,0
getAnnotatedMethods,16,9,1,3,4,2,2,0.5,4,9,False,0,False,0
getBefores,3,1,0,0,1,0,0,0,1,0,False,0,False,0
getConstructor,3,2,0,1,0,0,0,2,1,2,False,0,False,0
getJavaClass,3,2,0,0,0,0,0,0,1,1,False,0,False,0
getName,3,1,0,1,0,0,0,2,1,2,False,0,False,0
getSuperClasses,9,7,1,0,2,1,0,2,2,4,False,0,False,0
getTestMethods,3,1,0,0,1,0,0,0,1,0,False,0,False,0
isShadowed,8,4,2,1,0,0,0,2,3,3,False,0,False,0
isShadowed,14,8,2,2,7,5,1,0.29,2,5,False,0,False,0
runsTopToBottom,3,3,1,0,2,0,0,0,1,1,False,0,False,0
addToAnnotationLists,15,7,2,0,0,0,0,0,3,4,False,0,False,0
collectValues,7,3,1,0,0,0,0,0,2,2,False,0,False,0
equals,13,7,1,0,0,0,0,0,2,4,False,0,False,0
getAnnotatedFields,3,1,0,0,0,0,0,0,1,1,False,0,False,0
getAnnotatedFields,4,2,1,0,0,0,0,0,1,2,False,0,False,0
getAnnotatedFieldValues,16,8,3,0,0,0,0,0,4,5,False,0,True,0
getAnnotatedMembers,8,7,3,0,0,0,0,0,2,4,False,0,False,0
getAnnotatedMethods,5,1,0,0,0,0,0,0,1,3,False,0,False,0
getAnnotatedMethods,4,2,1,0,0,0,0,0,1,2,False,0,False,0
getAnnotatedMethodValues,24,6,3,0,0,0,0,0,4,5,False,0,False,0
getAnnotation,6,3,1,0,0,0,0,0,2,3,False,0,False,0
getAnnotations,6,3,0,0,0,0,0,0,2,2,False,0,False,0
getJavaClass,3,2,0,0,0,0,0,0,1,1,False,0,False,0
getName,6,3,0,0,0,0,0,0,2,2,False,0,False,0
getOnlyConstructor,5,3,0,0,0,0,0,0,1,2,False,0,False,0
getSortedDeclaredFields,5,2,1,0,0,0,0,0,1,5,False,0,False,0
getSuperClasses,9,7,1,0,0,0,0,0,2,3,False,0,False,0
hashCode,3,3,0,0,0,0,0,0,1,2,False,0,False,0
isANonStaticInnerClass,3,2,0,0,0,0,0,0,1,2,False,0,False,0
isPublic,3,1,0,0,0,0,0,0,1,1,False,0,False,0
makeDeeplyUnmodifiable,9,8,1,0,0,0,0,0,2,2,False,0,False,0
runsTopToBottom,4,3,1,0,0,0,0,0,1,1,False,0,False,0
scanAnnotatedMembers,12,8,2,0,0,0,0,0,3,7,False,0,False,0
compare,14,5,2,0,5,4,1,0,2,5,False,0,False,0
getFailure,7,3,1,0,0,0,0,0,2,2,False,0,False,0
basicRun,3,1,1,1,0,0,0,0,1,2,False,0,False,0
countTestCases,3,1,0,1,0,0,0,0,1,1,False,0,False,0
getTest,3,1,0,0,0,0,0,0,1,1,False,0,False,0
run,3,1,1,1,0,0,0,0,1,1,False,0,False,0
toString,3,1,0,1,0,0,0,0,1,1,False,0,False,0
getValueSources,9,2,1,0,2,0,0,0,2,4,False,0,False,0
exceptionMessage,3,1,0,0,2,1,1,3,1,1,False,0,False,0
failedTest,3,1,0,0,0,0,0,0,1,1,False,0,False,0
isFailure,3,1,0,0,1,0,0,0,1,0,False,0,False,0
thrownException,3,1,0,0,0,0,0,0,1,1,False,0,False,0
toString,3,1,0,0,1,1,1,3,1,3,False,0,False,0
trace,6,1,0,2,1,0,0,0,1,2,False,0,False,0
expectsException,3,1,0,0,1,0,0,0,1,0,False,0,False,0
getAfters,3,1,0,0,1,1,1,3,1,2,False,0,False,0
getBefores,3,1,0,0,1,1,1,3,1,2,False,0,False,0
getExpectedException,8,6,0,0,2,0,0,0,3,2,False,0,False,0
getTimeout,8,3,0,0,0,0,0,0,2,3,False,0,False,0
invoke,3,1,1,1,0,0,0,0,1,2,False,0,False,0
isIgnored,3,1,0,0,1,1,1,3,1,2,False,0,False,0
isUnexpected,3,1,1,1,2,2,1,1,1,4,False,0,False,0
getMethodName,3,1,0,0,0,0,0,0,1,1,False,0,False,0
starting,3,1,1,1,0,0,0,1,1,3,False,0,False,0
addError,6,2,2,2,2,0,0,0,2,3,False,0,False,0
addFailure,6,2,2,2,2,0,0,0,2,3,False,0,False,0
addListener,3,1,1,0,1,0,0,0,1,2,False,0,False,0
cloneListeners,5,1,0,0,1,0,0,0,1,2,False,0,False,0
endTest,5,2,1,2,0,0,0,0,2,1,False,0,False,0
errorCount,3,1,0,0,1,0,0,0,1,1,False,0,False,0
errors,3,1,0,0,1,0,0,0,1,1,False,0,False,0
failureCount,3,1,0,0,1,0,0,0,1,1,False,0,False,0
failures,3,1,0,0,1,0,0,0,1,1,False,0,False,0
protect,3,1,0,0,1,0,0,0,1,0,False,0,False,0
removeListener,3,1,1,0,1,0,0,0,1,2,False,0,False,0
run,11,1,1,1,0,0,0,0,3,2,False,0,False,0
runCount,3,1,0,0,0,0,0,0,1,1,False,0,False,0
runProtected,11,6,2,3,0,0,0,0,3,2,False,0,False,0
shouldStop,3,1,0,0,0,0,0,0,1,1,False,0,False,0
startTest,9,2,1,2,1,0,0,0,2,3,False,0,False,0
stop,3,1,0,0,0,0,0,0,1,1,False,0,False,0
wasSuccessful,3,2,0,1,1,0,0,0,1,0,False,0,False,0
createTestResult,3,1,0,0,1,0,0,0,1,0,False,0,False,0
doRun,3,1,1,0,1,0,0,0,1,1,False,0,False,0
doRun,12,1,2,2,2,0,0,0,1,8,False,0,False,0
main,13,4,1,1,6,1,1,7,3,7,False,0,False,0
pause,8,4,1,0,2,0,0,0,3,2,False,0,False,0
run,3,2,1,1,1,0,0,0,1,1,False,0,False,0
run,4,1,1,1,0,0,0,0,1,2,False,0,False,0
runAndWait,4,1,1,1,0,0,0,0,1,2,False,0,False,0
runFailed,4,1,1,0,2,0,0,0,1,2,False,0,False,0
runSingleMethod,5,2,3,0,1,0,0,0,1,5,False,0,False,0
setPrinter,3,1,1,0,0,0,0,0,1,2,False,0,False,0
start,36,12,1,0,20,1,1,7,4,9,False,0,True,0
testEnded,2,1,1,0,0,0,0,0,1,1,False,0,False,0
testFailed,2,1,3,0,0,0,0,0,1,3,False,0,False,0
testStarted,2,1,1,0,0,0,0,0,1,1,False,0,False,0
protect,5,1,0,2,1,0,0,1,1,1,False,0,False,0
run,10,1,1,0,0,0,0,0,3,2,False,0,False,0
setUp,2,1,0,0,0,0,0,0,1,0,False,0,False,0
tearDown,2,1,0,0,0,0,0,0,1,0,False,0,False,0
addTest,3,1,1,0,1,0,0,0,1,2,False,0,False,0
addTestMethod,14,6,3,7,3,1,0,2,2,8,False,0,False,0
addTestsFromTestCase,26,10,1,12,8,5,3,0.8,3,12,False,0,True,0
addTestSuite,3,2,1,1,1,0,0,0,1,1,False,0,False,0
countTestCases,7,2,0,1,0,0,0,0,2,2,False,0,False,0
createTest,26,18,2,9,11,2,1,1.6,3,8,False,0,True,0
exceptionToString,6,1,1,1,1,0,0,0,1,3,False,0,False,0
getName,3,1,0,0,0,0,0,0,1,1,False,0,False,0
getTestConstructor,8,6,1,0,2,2,1,4,3,2,False,0,False,0
isPublicTestMethod,3,2,1,0,3,2,2,4,1,3,False,0,False,0
isTestMethod,5,3,1,1,4,2,1,2.67,1,4,False,0,False,0
run,8,3,1,1,1,0,0,0,3,2,False,0,False,0
runTest,3,1,0,0,0,0,0,0,1,0,False,0,False,0
runTest,3,1,2,1,0,0,0,0,1,2,False,0,False,0
setName,3,1,1,0,0,0,0,0,1,2,False,0,False,0
testAt,3,1,1,0,1,0,0,0,1,2,False,0,False,0
testCaseForClass,7,5,1,0,5,2,0,4,3,3,False,0,False,0
testCount,3,1,0,0,1,0,0,0,1,1,False,0,False,0
tests,3,1,0,0,1,0,0,0,1,1,False,0,False,0
toString,6,3,0,2,1,0,0,8,2,1,False,0,False,0
warning,8,1,1,0,3,0,0,0,3,1,False,0,False,0
getTimeout,3,1,0,0,0,0,0,0,1,1,False,0,False,0
getTimeUnit,3,1,0,0,0,0,0,0,1,1,False,0,False,0
apply,24,5,2,6,6,0,0,0,5,2,False,0,True,0
evaluate,19,5,0,0,0,0,0,0,3,1,False,0,False,0
failed,2,1,2,0,0,0,0,0,1,2,False,0,False,0
failedQuietly,8,3,3,1,1,0,0,0,3,3,False,0,False,0
finished,2,1,1,0,0,0,0,0,1,1,False,0,False,0
finishedQuietly,8,3,2,1,1,0,0,0,3,2,False,0,False,0
skipped,5,1,2,1,0,0,0,0,1,3,False,0,False,0
skipped,3,1,2,0,0,0,0,0,1,2,False,0,False,0
skippedQuietly,13,5,3,2,1,0,0,0,4,3,False,0,False,0
starting,2,1,1,0,0,0,0,0,1,1,False,0,False,0
startingQuietly,8,3,2,1,1,0,0,0,3,2,False,0,False,0
succeeded,2,1,1,0,0,0,0,0,1,1,False,0,False,0
succeededQuietly,8,3,2,1,1,0,0,0,3,2,False,0,False,0
apply,20,5,3,5,2,0,0,0,5,3,False,0,False,0
evaluate,14,5,0,0,0,0,0,0,3,0,False,0,False,0
failed,2,1,2,0,0,0,0,0,1,2,False,0,False,0
finished,2,1,1,0,0,0,0,0,1,1,False,0,False,0
starting,2,1,1,0,0,0,0,0,1,1,False,0,False,0
succeeded,2,1,1,0,0,0,0,0,1,1,False,0,False,0
equals,15,8,1,3,2,2,1,2,2,9,False,0,False,0
getName,3,1,0,0,0,0,0,0,1,1,False,0,False,0
getParameters,3,1,0,0,0,0,0,0,1,1,False,0,False,0
getTestClass,3,1,0,0,0,0,0,0,1,1,False,0,False,0
hashCode,6,1,0,2,0,0,0,0,1,5,False,0,False,0
notNull,5,2,2,0,1,0,0,0,2,2,False,0,False,0
toString,4,1,0,1,0,0,0,4,1,5,False,0,False,0
elapsedTimeAsString,3,1,1,0,2,1,0,3,1,2,False,0,False,0
getWriter,3,1,0,0,0,0,0,0,1,1,False,0,False,0
printFailure,4,1,2,2,4,2,1,0.75,1,5,False,0,False,0
printFailures,15,5,1,3,6,0,0,1.5,2,4,False,0,False,0
printFooter,13,5,1,7,12,4,1,0.27,3,4,False,0,False,0
printHeader,4,1,1,3,2,0,0,1.5,1,2,False,0,False,0
testFailure,3,1,1,0,1,0,0,0,1,2,False,0,False,0
testIgnored,3,1,1,0,1,0,0,0,1,2,False,0,False,0
testRunFinished,5,1,1,3,1,1,1,3,1,2,False,0,False,0
testStarted,3,1,1,0,1,0,0,0,1,2,False,0,False,0
collectInitializationErrors,5,1,1,0,0,0,0,0,1,1,False,0,False,0
computeTestMethods,7,1,0,0,0,0,0,0,1,2,False,0,False,0
methodBlock,3,1,1,0,0,0,0,0,1,1,False,0,False,0
validateConstructor,3,1,1,0,0,0,0,0,1,1,False,0,False,0
validateDataPointFields,15,7,1,0,0,0,0,0,3,2,False,0,False,0
validateDataPointMethods,15,7,1,0,0,0,0,0,3,2,False,0,False,0
validateParameterSupplier,14,8,2,0,0,0,0,0,3,4,False,0,False,0
validateTestMethods,17,6,1,0,0,0,0,0,4,2,False,0,True,0
collectInitializationErrors,4,1,1,0,0,0,0,0,1,1,False,0,False,0
createTest,9,2,0,1,4,1,1,5,2,2,False,0,False,0
evaluate,12,3,0,2,3,1,1,2.5,2,8,False,0,False,0
evaluate,11,4,0,0,0,0,0,0,3,0,False,0,False,0
evaluate,9,2,0,0,0,0,0,0,2,1,False,0,False,0
getTestClass,3,1,0,0,0,0,0,0,1,1,False,0,False,0
handleAssumptionViolation,3,1,1,0,1,0,0,0,1,2,False,0,False,0
handleDataPointSuccess,3,1,0,0,0,0,0,0,1,1,False,0,False,0
methodBlock,18,4,1,5,3,1,1,5,5,3,False,0,False,0
methodCompletesWithParameters,15,2,3,1,5,1,1,5,4,4,False,0,False,0
methodInvoker,3,1,2,0,1,0,0,0,1,2,False,0,False,0
nullsOk,8,3,0,0,1,0,0,0,2,2,False,0,False,0
reportParameterizedError,8,2,1,0,2,1,1,5,2,3,False,0,False,0
runWithAssignment,8,3,1,2,1,1,1,5,3,2,False,0,False,0
runWithCompleteAssignment,46,6,1,10,15,4,2,1,5,7,False,0,False,0
runWithIncompleteAssignment,7,2,1,1,2,0,0,0,2,1,False,0,False,0
describeMismatchSafely,4,1,2,0,3,1,0,2,1,4,False,0,False,0
describeTo,4,1,1,0,2,0,0,0,1,2,False,0,False,0
hasCause,3,2,1,0,0,0,0,0,1,1,False,0,False,0
matchesSafely,3,1,1,0,2,1,0,2,1,3,False,0,False,0
describeMismatchSafely,4,1,2,0,3,1,1,2,1,4,False,0,False,0
describeTo,4,1,1,0,2,0,0,0,1,2,False,0,False,0
hasMessage,3,1,1,0,0,0,0,0,1,3,False,0,False,0
matchesSafely,3,1,1,0,2,1,1,2,1,3,False,0,False,0
rethrow,3,1,1,0,1,0,0,0,1,1,False,0,False,0
rethrowAsException,4,1,1,1,0,0,0,0,1,1,False,0,False,0
apply,11,3,2,0,0,0,0,0,3,2,False,0,False,0
builder,3,1,0,0,0,0,0,0,1,0,False,0,False,0
createFailOnTimeoutStatement,7,1,1,0,0,0,0,0,1,4,False,0,False,0
evaluate,3,1,0,0,0,0,0,0,1,0,False,0,False,0
getLookingForStuckThread,3,1,0,0,0,0,0,0,1,1,False,0,False,0
getTimeout,3,1,1,0,0,0,0,0,1,3,False,0,False,0
millis,3,1,1,0,0,0,0,0,1,1,False,0,False,0
seconds,3,1,1,0,0,0,0,0,1,1,False,0,False,0
findExpectedType,11,7,1,2,4,3,2,0.75,4,6,False,0,False,0
isMatchesSafelyMethod,5,3,1,0,4,3,2,1,1,4,False,0,False,0
matches,5,3,1,1,1,1,0,3,1,3,False,0,False,0
matchesSafely,1,1,1,0,0,0,0,0,0,1,False,0,False,0
apply,9,1,2,2,2,0,0,0,3,2,False,0,False,0
evaluate,4,1,0,0,0,0,0,0,1,0,False,0,False,0
verify,2,1,0,0,0,0,0,0,1,0,False,0,False,0
id,3,1,0,0,0,0,0,0,1,0,False,0,False,0
main,3,1,1,1,1,0,0,0,1,1,False,0,False,0
